Test,13,NULL,NULL,NULL,41:03.8,1,NULL,NULL,new,1,1,Ttes,2,,1,10,12,15,10,India,1 Business day,1 Business day,1,$0 ,1,1
testing,98,NULL,NULL,NULL,31:04.9,1,NULL,NULL,new,1,0,Testing,1,,1,,10,12,10,India,1 Business day,1 Business day,0,$1 ,1,1
testing,13,NULL,NULL,NULL,37:05.0,1,NULL,NULL,new,1,1,Testing,1,,1,10,10,12,10,India,1 Business day,1 Business day,0,$1 ,1,1
testing,13,NULL,NULL,NULL,42:13.7,1,NULL,NULL,new,1,1,Testing,1,,1,10,10,12,10,India,1 Business day,1 Business day,0,$1 ,1,1
zcz,13,NULL,NULL,NULL,27:24.5,1,NULL,NULL,new,1,1,zc,ada,zczcz,4,4,4,4,4,India,1 Business day,1 Business day,1,$2 ,1,1
asda,13,NULL,NULL,NULL,29:12.7,1,NULL,NULL,new,1,0,scas,asdas,asd,4,4,4,4,4,India,1 Business day,1 Business day,0,$2 ,1,NULL
asda,13,NULL,NULL,NULL,35:28.0,1,NULL,NULL,new,1,1,fasa,ada,dasda,3,3,3,3,3,India,1 Business day,1 Business day,0,$0 ,1,NULL
sfs,13,NULL,NULL,NULL,44:51.9,1,NULL,NULL,new,1,1,dfgs,sfs,sfs,5,5,5,5,5,India,1 Business day,1 Business day,1,$1 ,1,1
sdf,13,NULL,NULL,NULL,46:39.1,1,NULL,NULL,new,1,1,asd,sdffs,sfdf,5,5,5,5,5,India,1 Business day,1 Business day,1,$1 ,1,NULL
test,13,NULL,NULL,NULL,32:55.6,1,NULL,NULL,new,1,1,Test Item1,2,,1,10,12,10,10,India,1 Business day,1 Business day,0,$0 ,0,NULL
test,13,NULL,NULL,NULL,36:39.4,1,NULL,NULL,new,1,1,Test Item2,2,,1,10,12,10,10,India,1 Business day,1 Business day,0,$0 ,0,NULL
test123,13,NULL,NULL,NULL,33:33.7,1,NULL,NULL,used,1,1,Test Item2,2,,1,10,12,10,10,India,1 Business day,1 Business day,0,$0 ,0,NULL
testing,13,NULL,NULL,NULL,08:18.3,1,NULL,NULL,new,1,0,Testing,1,,1,10,10,12,10,India,1 Business day,1 Business day,0,$1 ,0,NULL
Very LARGE Collection of Fishing DVDS,13,NULL,NULL,NULL,33:58.8,1,NULL,NULL,new,1,1,Very LARGE Collection of Fishing DVDS,1,,1,10,10,12,10,India,1 Business day,1 Business day,0,$1 ,0,NULL
Testing,13,NULL,NULL,NULL,33:37.6,1,NULL,NULL,new,1,1,Testing 123,1,,1,10,10,12,10,India,1 Business day,1 Business day,0,$0 ,0,NULL
Very LARGE Collection of Fishing DVDS,13,NULL,NULL,NULL,42:09.5,1,NULL,NULL,new,2,0,Very LARGE Collection of Fishing DVDs,1,,1,10,10,12,10,India,1 Business day,1 Business day,0,$0 ,0,NULL
Testing,13,NULL,NULL,NULL,46:58.8,1,NULL,NULL,new,1,0,Testing,1,,1,10,10,12,10,India,1 Business day,1 Business day,0,$0 ,0,NULL
fossil watches,27,NULL,NULL,NULL,23:22.0,1,NULL,NULL,new,22,1,fossil,,,100,400,450,440,8,India,3 Business day,3 Business day,1,$2 ,1,NULL
G-Shockwatches,26,NULL,NULL,NULL,29:19.4,1,NULL,NULL,new,24,1,G-Shock,34455,,100,400,450,440,5,India,1 Business day,1 Business day,0,$3 ,0,1
Fantasy stories,32,NULL,NULL,NULL,29:06.4,1,NULL,NULL,new,24,1,Harry Potter,2345567,,100,400,450,440,8,India,3 Business day,1 Business day,0,$0 ,0,1
BlueStone Pavitra Collection Yellow Gold and Diamond Nirmayi Tanmaniya,13,NULL,NULL,NULL,16:12.8,1,NULL,NULL,new,1,1,BlueStone Pavitra Collection,2345567,,40,170,160,150,10,India,1 Business day,1 Business day,0,$0 ,0,1
Fantasy stories,32,NULL,NULL,NULL,21:21.6,1,NULL,NULL,new,25,1,Harry Potter,2345567,,40,170,160,150,20,India,1 Business day,1 Business day,0,$0 ,0,NULL
